group,no_member,no_donor,length_pval,vgene_pval,vgene,motif_pval,motif
1,8,6,0.000999000999000999,0.10099782830291262,TRBV7-2,0.000999000999000999,EET
2,20,7,0.005994005994005994,1.4377803272833708e-11,TRBV9,0.000999000999000999,SVALA
3,4,3,0.01898101898101898,4.658898729518311e-5,TRBV12-3,0.000999000999000999,LIE
4,8,7,0.10989010989010989,0.06361570918532942,TRBV6-2,0.000999000999000999,QGHY
5,8,5,0.011988011988011988,0.0004460119050392213,TRBV3-1,0.000999000999000999,GEAK
6,8,6,0.1018981018981019,0.0005014919930090633,TRBV5-6,0.000999000999000999,LRSR
7,4,2,0.000999000999000999,0.0019633930360112885,TRBV27,NaN,
8,1,1,0.08091908091908091,0.025316455696202556,TRBV10-3,NaN,
9,2,2,0.004995004995004995,0.1986368062317434,TRBV19,NaN,
10,1,1,0.07192807192807193,0.06329113924050644,TRBV3-1,NaN,
11,1,1,0.16883116883116883,0.012658227848101222,TRBV30,NaN,
12,2,2,0.025974025974025976,0.24667315806556367,TRBV5-1,NaN,
13,1,1,0.16483516483516483,0.012658227848101222,TRBV11-2,NaN,
14,3,3,0.002997002997002997,0.11392405063291133,TRBV5-3,NaN,
15,4,4,0.1018981018981019,0.20253164556962,TRBV29-1,0.000999000999000999,YQP
16,4,3,0.052947052947052944,0.05541760038762042,TRBV5-1,0.000999000999000999,QANS
